Obs_ID,Paper_Num,Temperature_Treatment,Treatment_designation,Growth_Mean ,Growth_plantpart_units,Growth_SD,Growth_n,Growth_SE,Growth_Mean ,Growth_plantpart_units,Growth_SD,Growth_n,Growth_SE,Growth_Mean ,Growth_plantpart_units,Growth_SD,Growth_n,Growth_SE,Growth_Mean ,Growth_plantpart_units,Growth_SD,Growth_n,Growth_SE,Growth_Mean ,Growth_plantpart_units,Growth_SD,Growth_n,Growth_SE,Growth_Mean ,Growth_plantpart_units,Growth_SD,Growth_n,Growth_SE,Growth_Mean ,Growth_plantpart_units,Growth_SD,Growth_n,Growth_SE,Growth_Mean ,Growth_plantpart_units,Growth_SD,Growth_n,Growth_SE,Growth_Mean ,Growth_plantpart_units,Growth_SD,Growth_n,Growth_SE,Growth_Mean ,Growth_plantpart_units,Growth_SD,Growth_n,Growth_SE,Growth_Mean ,Growth_plantpart_units,Growth_SD,Growth_n,Growth_SE
1,21,very low,Treatment,,,,,,,,,,,,,,,,0.9899932639,leaf 2 growth (mm/day),0.5942325449,30,0.1084915231,0.5497293393,leaf 4 growth (mm/day),0.7233207638,30,0.1320596996,,,,,,,,,,,,,,,,,,,,,,,,,,,,,,
2,21,low,Treatment,,,,,,,,,,,,,,,,1.535827037,leaf 2 growth (mm/day),2.093505082,30,0.3822199859,0.5040862868,leaf 4 growth (mm/day),0.4722566246,30,0.08622186874,,,,,,,,,,,,,,,,,,,,,,,,,,,,,,
3,21,medium,Treatment,,,,,,,,,,,,,,,,2.65138739,leaf 2 growth (mm/day),2.8466975,30,0.5197334783,0.4346153534,leaf 4 growth (mm/day),0.9758073628,30,0.1781572348,,,,,,,,,,,,,,,,,,,,,,,,,,,,,,
4,21,medium-upper,Control,,,,,,,,,,,,,,,,6.615840347,leaf 2 growth (mm/day),5.465090216,30,0.9977843966,1.367343792,leaf 4 growth (mm/day),1.977219,30,0.3609891492,,,,,,,,,,,,,,,,,,,,,,,,,,,,,,
5,21,upper,Treatment,,,,,,,,,,,,,,,,2.808703345,leaf 2 growth (mm/day),2.84527504,30,0.5194737739,0.317943141,leaf 4 growth (mm/day),0.4793689231,30,0.08752039086,,,,,,,,,,,,,,,,,,,,,,,,,,,,,,
6,21,high,Treatment,,,,,,,,,,,,,,,,4.539568404,leaf 2 growth (mm/day),5.595600894,30,1.021612278,0.40799565,leaf 4 growth (mm/day),0.4822138426,30,0.0880397997,,,,,,,,,,,,,,,,,,,,,,,,,,,,,,
7,22,,Control,,,,,,,,,,,,,,,,,,,,,,,,,,,,,,,,,,,,,,,,,,,,,,,,,,,,,,,
8,22,,Treatment,,,,,,,,,,,,,,,,,,,,,,,,,,,,,,,,,,,,,,,,,,,,,,,,,,,,,,,
9,22,,Treatment,,,,,,,,,,,,,,,,,,,,,,,,,,,,,,,,,,,,,,,,,,,,,,,,,,,,,,,
10,22,,Treatment,,,,,,,,,,,,,,,,,,,,,,,,,,,,,,,,,,,,,,,,,,,,,,,,,,,,,,,
11,22,,Treatment,,,,,,,,,,,,,,,,,,,,,,,,,,,,,,,,,,,,,,,,,,,,,,,,,,,,,,,
12,23,low,Treatment,,,,,,5.552987267,leaf growth (mm/day),1.987912321,6,0.8115618065,,,,,,,,,,,,,,,,,,,,,0.1976869699,mg/shoot d,0.06761120493,6,0.02760215883,,,,,,,,,,,,,,,,,,,,
13,23,low,Treatment,,,,,,5.18158668,leaf growth (mm/day),0.6283675788,6,0.2565299898,,,,,,,,,,,,,,,,,,,,,0.168311488,mg/shoot d,0.06043459658,6,0.02467232074,,,,,,,,,,,,,,,,,,,,
14,23,low,Treatment,,,,,,3.552595495,leaf growth (mm/day),0.5302871078,6,0.2164888052,,,,,,,,,,,,,,,,,,,,,0.1281418658,mg/shoot d,0.06780006304,6,0.02767925983,,,,,,,,,,,,,,,,,,,,
15,23,low,Treatment,,,,,,1.479333986,leaf growth (mm/day),1.49245776,6,0.6092933289,,,,,,,,,,,,,,,,,,,,,0.06214340786,mg/shoot d,0.007176608344,6,0.002929838088,,,,,,,,,,,,,,,,,,,,
16,23,control,Control,,,,,,6.504995103,leaf growth (mm/day),1.017042087,6,0.4152056934,,,,,,,,,,,,,,,,,,,,,0.2363916731,mg/shoot d,0.02152982503,6,0.008789514264,,,,,,,,,,,,,,,,,,,,
17,23,control,Control,,,,,,7.79079334,leaf growth (mm/day),0.7956863949,6,0.3248376105,,,,,,,,,,,,,,,,,,,,,0.2624518119,mg/shoot d,0.05911258978,6,0.02413261372,,,,,,,,,,,,,,,,,,,,
18,23,control,Control,,,,,,9.092262488,leaf growth (mm/day),1.25082115,6,0.510645596,,,,,,,,,,,,,,,,,,,,,0.3254433308,mg/shoot d,0.06043459658,6,0.02467232074,,,,,,,,,,,,,,,,,,,,
19,23,control,Control,,,,,,14.06464251,leaf growth (mm/day),1.971871143,6,0.8050130232,,,,,,,,,,,,,,,,,,,,,0.5199691596,mg/shoot d,0.1016056655,6,0.04148033924,,,,,,,,,,,,,,,,,,,,
20,23,high,Treatment,,,,,,5.390009794,leaf growth (mm/day),1.60610266,6,0.6556886651,,,,,,,,,,,,,,,,,,,,,0.2084811103,mg/shoot d,0.04664795424,6,0.01904394757,,,,,,,,,,,,,,,,,,,,
21,23,high,Treatment,,,,,,5.10244858,leaf growth (mm/day),0.809495326,6,0.330475083,,,,,,,,,,,,,,,,,,,,,0.1845797995,mg/shoot d,0.06156774527,6,0.02513492675,,,,,,,,,,,,,,,,,,,,
22,23,high,Treatment,,,,,,5.849951028,leaf growth (mm/day),0.9017925212,6,0.3681552551,,,,,,,,,,,,,,,,,,,,,0.1977640709,mg/shoot d,0.03342788624,6,0.01364687741,,,,,,,,,,,,,,,,,,,,
23,23,high,Treatment,,,,,,6.081096964,leaf growth (mm/day),1.426997522,6,0.582569299,,,,,,,,,,,,,,,,,,,,,0.1898226677,mg/shoot d,0.04098221081,6,0.0167309175,,,,,,,,,,,,,,,,,,,,
24,24,control,Treatment,,,,,,0.2407307899,leaf growth (mm/day),0.04616320261,3,0.02665233745,,,,,,,,,,,,,,,,,,,,,,,,,,,,,,,,,,,,,,,,,3.296983117,Number leaves/shoot,0.8926317752,3,0.5153611957
25,24,medium ,Treatment,,,,,,0.2769478775,leaf growth (mm/day),0.09707302484,3,0.05604513702,,,,,,,,,,,,,,,,,,,,,,,,,,,,,,,,,,,,,,,,,3.354276225,Number leaves/shoot,0.7305965765,3,0.4218101301
26,24,high,Treatment,,,,,,0.3370768404,leaf growth (mm/day),0.4192847334,3,0.2420741537,,,,,,,,,,,,,,,,,,,,,,,,,,,,,,,,,,,,,,,,,3.316080819,Number leaves/shoot,0.07670305265,3,0.04428452809
27,24,control,Control,,,,,,0.024,leaf growth (mm/day),0.007144709581,3,0.004125,,,,,,,,,,,,,,,,,,,,,,,,,,,,,,,,,,,,,,,,,2.930251868,Number leaves/shoot,0.5671231955,3,0.3274287296
28,24,medium ,Treatment,,,,,,0.0301875,leaf growth (mm/day),0.0172122549,3,0.0099375,,,,,,,,,,,,,,,,,,,,,,,,,,,,,,,,,,,,,,,,,2.796014392,Number leaves/shoot,0.4491922521,3,0.2593412676
29,24,high,Treatment,,,,,,0.025875,leaf growth (mm/day),0.007469469108,3,0.0043125,,,,,,,,,,,,,,,,,,,,,,,,,,,,,,,,,,,,,,,,,2.689177968,Number leaves/shoot,0.527812881,3,0.3047329089
30,25,High,Treatment,0.4790363153,cm2/day,0.2173084829,17,,,,,,,,,,,,,,,,,,,,,,,,,,,,,,,,,,,,,,,,,,,,,,,,,,,
31,25,Control,Control,0.1834685562,cm2/day,0.07999336193,17,,,,,,,,,,,,,,,,,,,,,,,,,,,,,,,,,,,,,,,,,,,,,,,,,,,
32,25,Control,Control,0.4569424269,cm2/day,0.1972663184,17,,,,,,,,,,,,,,,,,,,,,,,,,,,,,,,,,,,,,,,,,,,,,,,,,,,
33,25,Control,Control,0.8232843224,cm2/day,0.4128218423,17,,,,,,,,,,,,,,,,,,,,,,,,,,,,,,,,,,,,,,,,,,,,,,,,,,,
34,25,High,Treatment,0.4057962799,cm2/day,0.1488262183,17,,,,,,,,,,,,,,,,,,,,,,,,,,,,,,,,,,,,,,,,,,,,,,,,,,,
35,25,Control,Control,0.1673976971,cm2/day,0.0800517939,17,,,,,,,,,,,,,,,,,,,,,,,,,,,,,,,,,,,,,,,,,,,,,,,,,,,
36,25,Control,Control,0.3098671391,cm2/day,0.1095599369,17,,,,,,,,,,,,,,,,,,,,,,,,,,,,,,,,,,,,,,,,,,,,,,,,,,,
37,25,Control,Control,0.8595358725,cm2/day,0.2860829073,17,,,,,,,,,,,,,,,,,,,,,,,,,,,,,,,,,,,,,,,,,,,,,,,,,,,
38,25,high,Treatment,0.4234706426,cm2/day,0.1288666069,30,,,,,,,,,,,,,,,,,,,,,,,,,,,,,,,,,,,,,,,,,,,,,,,,,,,
39,25,Control,Control,0.2409980171,cm2/day,0.1175935584,30,,,,,,,,,,,,,,,,,,,,,,,,,,,,,,,,,,,,,,,,,,,,,,,,,,,
40,25,Control,Control,0.298354878,cm2/day,0.123326764,30,,,,,,,,,,,,,,,,,,,,,,,,,,,,,,,,,,,,,,,,,,,,,,,,,,,
41,25,Control,Control,0.5954441418,cm2/day,0.2417421141,30,,,,,,,,,,,,,,,,,,,,,,,,,,,,,,,,,,,,,,,,,,,,,,,,,,,
42,25,high,Treatment,0.3560947769,cm2/day,0.1909167144,30,,,,,,,,,,,,,,,,,,,,,,,,,,,,,,,,,,,,,,,,,,,,,,,,,,,
43,25,Control,Control,0.1849773766,cm2/day,0.0780412072,30,,,,,,,,,,,,,,,,,,,,,,,,,,,,,,,,,,,,,,,,,,,,,,,,,,,
44,25,Control,Control,0.2248133351,cm2/day,0.08367773146,30,,,,,,,,,,,,,,,,,,,,,,,,,,,,,,,,,,,,,,,,,,,,,,,,,,,
45,25,Control,Control,0.5980636279,cm2/day,0.2304207249,30,,,,,,,,,,,,,,,,,,,,,,,,,,,,,,,,,,,,,,,,,,,,,,,,,,,
46,25,high,Treatment,0.3875639132,cm2/day,0.2359605678,30,,,,,,,,,,,,,,,,,,,,,,,,,,,,,,,,,,,,,,,,,,,,,,,,,,,
47,25,Control,Control,0.161834464,cm2/day,0.03892392222,30,,,,,,,,,,,,,,,,,,,,,,,,,,,,,,,,,,,,,,,,,,,,,,,,,,,
48,25,Control,Control,0.2624216714,cm2/day,0.06686484007,30,,,,,,,,,,,,,,,,,,,,,,,,,,,,,,,,,,,,,,,,,,,,,,,,,,,
49,25,Control,Control,0.6140612037,cm2/day,0.1516544074,30,,,,,,,,,,,,,,,,,,,,,,,,,,,,,,,,,,,,,,,,,,,,,,,,,,,
50,26,medium ,Treatment,,,,,,,,,,,,,,,,,,,,,,,,,,,,,,,0.5083741304,mg/shoot d,0.06919653803,5,0.03094563257,,,,,,,,,,,,,,,,,,,,
51,26,ambient,Control,,,,,,,,,,,,,,,,,,,,,,,,,,,,,,,0.6513527441,mg/shoot d,0.1635145581,4,0.08175727905,,,,,,,,,,,,,,,,,,,,
52,26,medium ,Treatment,,,,,,,,,,,,,,,,,,,,,,,,,,,,,,,0.1550631281,mg/shoot d,0.04655354099,5,0.02081937645,,,,,,,,,,,,,,,,,,,,
53,26,ambient,Control,,,,,,,,,,,,,,,,,,,,,,,,,,,,,,,0.1104096882,mg/shoot d,0.03091986601,4,0.01545993301,,,,,,,,,,,,,,,,,,,,
54,26,medium ,Treatment,,,,,,,,,,,,,,,,,,,,,,,,,,,,,,,0.7001803659,mg/shoot d,0.1146553794,5,0.05127544447,,,,,,,,,,,,,,,,,,,,
55,26,ambient,Control,,,,,,,,,,,,,,,,,,,,,,,,,,,,,,,0.8939706261,mg/shoot d,0.3261015202,4,0.1630507601,,,,,,,,,,,,,,,,,,,,
56,26,high,Treatment,,,,,,,,,,,,,,,,,,,,,,,,,,,,,,,0.7548312291,mg/shoot d,0.2949755218,4,0.1474877609,,,,,,,,,,,,,,,,,,,,
57,26,ambient,Control,,,,,,,,,,,,,,,,,,,,,,,,,,,,,,,0.3903117753,mg/shoot d,0.2037103839,4,0.101855192,,,,,,,,,,,,,,,,,,,,
58,26,high,Treatment,,,,,,,,,,,,,,,,,,,,,,,,,,,,,,,0.3659881474,mg/shoot d,0.08188611183,4,0.04094305591,,,,,,,,,,,,,,,,,,,,
59,26,ambient,Control,,,,,,,,,,,,,,,,,,,,,,,,,,,,,,,0.08773511981,mg/shoot d,0.05184230868,4,0.02592115434,,,,,,,,,,,,,,,,,,,,
60,26,high,Treatment,,,,,,,,,,,,,,,,,,,,,,,,,,,,,,,0.8959288843,mg/shoot d,0.133006957,4,0.06650347848,,,,,,,,,,,,,,,,,,,,
61,26,ambient,Control,,,,,,,,,,,,,,,,,,,,,,,,,,,,,,,0.3283689771,mg/shoot d,0.1021901572,4,0.05109507859,,,,,,,,,,,,,,,,,,,,
62,27,low,Treatment,,,,,,,,,,,,,,,,,,,,,,,,,,0.006542740423,mg/mg of leaf day,0.00180399939,3,,5.254837733,mg/shoot d,1.395256869,3,,,,,,,,,,,,,,,,,,,,,
63,27,control,Control,,,,,,,,,,,,,,,,,,,,,,,,,,0.03309909817,mg/mg of leaf day,0.006344176357,3,,33.37421893,mg/shoot d,1.973549591,3,,,,,,,,,,,,,,,,,,,,,
64,27,medium ,Treatment,,,,,,,,,,,,,,,,,,,,,,,,,,0.07644073893,mg/mg of leaf day,0,3,,35.18950385,mg/shoot d,0,3,,,,,,,,,,,,,,,,,,,,,
65,27,high,Treatment,,,,,,,,,,,,,,,,,,,,,,,,,,0.0570150647,mg/mg of leaf day,0.01882203069,3,,48.65896427,mg/shoot d,12.54001865,3,,,,,,,,,,,,,,,,,,,,,
66,27,hot,Treatment,,,,,,,,,,,,,,,,,,,,,,,,,,0.05404023535,mg/mg of leaf day,0,3,,53.36371566,mg/shoot d,1.395256869,3,,,,,,,,,,,,,,,,,,,,,
67,27,control ,Control,,,,,,,,,,,,,,,,,,,,,,,,,,0.01614614105,mg/mg of leaf day,0.0160790021,3,0.00928321619,13.28426233,mg/shoot d,14.33777273,3,8.277916947,,,,,,,,,,,,,,,,,,,,
68,27,medium ,Treatment,,,,,,,,,,,,,,,,,,,,,,,,,,0.1098203796,mg/mg of leaf day,0.01673180723,3,0.009660113409,29.84274474,mg/shoot d,19.16137473,3,11.06282486,,,,,,,,,,,,,,,,,,,,
69,27,hot,Treatment,,,,,,,,,,,,,,,,,,,,,,,,,,0.04659332451,mg/mg of leaf day,0.04982491067,3,0.02876642559,35.84095699,mg/shoot d,28.15946822,3,16.25787656,,,,,,,,,,,,,,,,,,,,
70,27,control ,Control,,,,,,,,,,,,,,,,,,,,,,,,,,0.0277314862,mg/mg of leaf day,0.01135057573,3,0.006553257954,18.57730889,mg/shoot d,7.756067589,3,4.47796771,,,,,,,,,,,,,,,,,,,,
71,27,medium ,Treatment,,,,,,,,,,,,,,,,,,,,,,,,,,0.06767580048,mg/mg of leaf day,0.02765306067,3,0.01596550202,50.68386727,mg/shoot d,28.82234077,3,16.6405862,,,,,,,,,,,,,,,,,,,,
72,27,hot,Treatment,,,,,,,,,,,,,,,,,,,,,,,,,,0.08739669281,mg/mg of leaf day,0.001546736486,3,0.0008930087264,39.33765188,mg/shoot d,0.1525294972,3,0.08806294625,,,,,,,,,,,,,,,,,,,,
73,27,control ,Control,,,,,,,,,,,,,,,,,,,,,,,,,,0.02548028929,mg/mg of leaf day,0.003340480319,3,0.001928627211,19.4830992,mg/shoot d,6.03007591,3,3.48146595,,,,,,,,,,,,,,,,,,,,
74,27,medium ,Treatment,,,,,,,,,,,,,,,,,,,,,,,,,,0.07151607755,mg/mg of leaf day,0.02001347628,3,0.01155478592,33.64997738,mg/shoot d,25.02515908,3,14.44828233,,,,,,,,,,,,,,,,,,,,
75,27,hot,Treatment,,,,,,,,,,,,,,,,,,,,,,,,,,0.08927438797,mg/mg of leaf day,0.0582055171,3,0.03360497097,29.07997396,mg/shoot d,16.41813745,3,9.479016079,,,,,,,,,,,,,,,,,,,,
76,12,Control ,Control ,,,,,,,,,,,,,,,,,,,,,,,,,,,,,,,,,,,,,,,,,,,,,,,,,,,,,,,
77,12,Control ,Control ,,,,,,,,,,,,,,,,,,,,,,,,,,,,,,,,,,,,,,,,,,,,,,,,,,,,,,,
78,12,Control ,Control ,,,,,,,,,,,,,,,,,,,,,,,,,,,,,,,,,,,,,,,,,,,,,,,,,,,,,,,
79,12,Control ,Control ,,,,,,,,,,,,,,,,,,,,,,,,,,,,,,,,,,,,,,,,,,,,,,,,,,,,,,,
80,12,High,Treatment,,,,,,,,,,,,,,,,,,,,,,,,,,,,,,,,,,,,,,,,,,,,,,,,,,,,,,,
81,12,High,Treatment,,,,,,,,,,,,,,,,,,,,,,,,,,,,,,,,,,,,,,,,,,,,,,,,,,,,,,,
82,12,High,Treatment,,,,,,,,,,,,,,,,,,,,,,,,,,,,,,,,,,,,,,,,,,,,,,,,,,,,,,,
83,12,High,Treatment,,,,,,,,,,,,,,,,,,,,,,,,,,,,,,,,,,,,,,,,,,,,,,,,,,,,,,,
84,28,lowest,Control,,,,,,,,,,,,,,,,,,,,,,,,,,,,,,,1.101191455,mg/shoot d,0.5449169265,3,0.3146079342,,,,,,,,,,,,,,,,,,,,
85,28,low,Treatment,,,,,,,,,,,,,,,,,,,,,,,,,,,,,,,0.7177709964,mg/shoot d,0.1673358254,3,0.09661138384,,,,,,,,,,,,,,,,,,,,
86,28,intermediate,Treatment,,,,,,,,,,,,,,,,,,,,,,,,,,,,,,,0.3488709035,mg/shoot d,0.147094478,3,0.08492503649,,,,,,,,,,,,,,,,,,,,
87,28,high,Treatment,,,,,,,,,,,,,,,,,,,,,,,,,,,,,,,0.3492530184,mg/shoot d,0.08444006219,3,0.04875149264,,,,,,,,,,,,,,,,,,,,
88,28,very high,Treatment,,,,,,,,,,,,,,,,,,,,,,,,,,,,,,,0.3193525275,mg/shoot d,0.0729681269,3,0.04212816771,,,,,,,,,,,,,,,,,,,,
89,28,extreme,Treatment,,,,,,,,,,,,,,,,,,,,,,,,,,,,,,,0.4434761842,mg/shoot d,0.190279696,3,0.1098580337,,,,,,,,,,,,,,,,,,,,
90,28,lowest,Control,,,,,,,,,,,,,,,,,,,,,,,,,,,,,,,0.5795409314,mg/shoot d,0.2239233524,3,0.1292822078,,,,,,,,,,,,,,,,,,,,
91,28,low,Treatment,,,,,,,,,,,,,,,,,,,,,,,,,,,,,,,0.6590526735,mg/shoot d,0.4700184259,3,0.2713652647,,,,,,,,,,,,,,,,,,,,
92,28,intermediate,Treatment,,,,,,,,,,,,,,,,,,,,,,,,,,,,,,,0.6151731458,mg/shoot d,0.3064330408,3,0.1769191986,,,,,,,,,,,,,,,,,,,,
93,28,high,Treatment,,,,,,,,,,,,,,,,,,,,,,,,,,,,,,,0.3846304896,mg/shoot d,0.1054535591,3,0.06088364071,,,,,,,,,,,,,,,,,,,,
94,28,very high,Treatment,,,,,,,,,,,,,,,,,,,,,,,,,,,,,,,0.5367122197,mg/shoot d,0.09243732478,3,0.05336871434,,,,,,,,,,,,,,,,,,,,
95,28,extreme,Treatment,,,,,,,,,,,,,,,,,,,,,,,,,,,,,,,0.3797585246,mg/shoot d,0.08328183795,3,0.04808279156,,,,,,,,,,,,,,,,,,,,
96,28,lowest,Control,,,,,,,,,,,,,,,,,,,,,,,,,,,,,,,,,,,,0.09007947853,Rhizome Growth (cm/d)_2,0.01505356068,3,0.008691177311,,,,,,,,,,,,,,,
97,28,low,Treatment,,,,,,,,,,,,,,,,,,,,,,,,,,,,,,,,,,,,0.1846646463,Rhizome Growth (cm/d)_3,0.06637431821,3,0.03832123049,,,,,,,,,,,,,,,
98,28,intermediate,Treatment,,,,,,,,,,,,,,,,,,,,,,,,,,,,,,,,,,,,0.1883698325,Rhizome Growth (cm/d)_4,0.05884753787,3,0.03397564183,,,,,,,,,,,,,,,
99,28,high,Treatment,,,,,,,,,,,,,,,,,,,,,,,,,,,,,,,,,,,,0.1791754817,Rhizome Growth (cm/d)_5,0.1329269023,3,0.07674538281,,,,,,,,,,,,,,,
100,28,very high,Treatment,,,,,,,,,,,,,,,,,,,,,,,,,,,,,,,,,,,,0.2559666076,Rhizome Growth (cm/d)_6,0.04773563321,3,0.02756018069,,,,,,,,,,,,,,,
101,28,extreme,Treatment,,,,,,,,,,,,,,,,,,,,,,,,,,,,,,,,,,,,0.3638973069,Rhizome Growth (cm/d)_7,0.1996577522,3,0.115272457,,,,,,,,,,,,,,,
102,29,lowest,Control,,,,,,,,,,,,,,,,,,,,,,,,,,,,,,,,,,,,,,,,,,,,,,,,,,,,,,,
103,29,low,Treatment,,,,,,,,,,,,,,,,,,,,,,,,,,,,,,,,,,,,,,,,,,,,,,,,,,,,,,,
104,29,intermediate,Treatment,,,,,,,,,,,,,,,,,,,,,,,,,,,,,,,,,,,,,,,,,,,,,,,,,,,,,,,
105,29,high,Treatment,,,,,,,,,,,,,,,,,,,,,,,,,,,,,,,,,,,,,,,,,,,,,,,,,,,,,,,
106,29,very high,Treatment,,,,,,,,,,,,,,,,,,,,,,,,,,,,,,,,,,,,,,,,,,,,,,,,,,,,,,,
107,30,control,Control,,,,,,,,,,,,,,,,,,,,,,,,,,,,,,,,,,,,,,,,,,,,,,,,,,,,,,,
108,30,medium,Treatment,,,,,,,,,,,,,,,,,,,,,,,,,,,,,,,,,,,,,,,,,,,,,,,,,,,,,,,
109,30,high,Treatment,,,,,,,,,,,,,,,,,,,,,,,,,,,,,,,,,,,,,,,,,,,,,,,,,,,,,,,
110,30,control,Control,,,,,,,,,,,,,,,,,,,,,,,,,,,,,,,,,,,,,,,,,,,,,,,,,,,,,,,
111,30,medium,Treatment,,,,,,,,,,,,,,,,,,,,,,,,,,,,,,,,,,,,,,,,,,,,,,,,,,,,,,,
112,30,high,Treatment,,,,,,,,,,,,,,,,,,,,,,,,,,,,,,,,,,,,,,,,,,,,,,,,,,,,,,,
113,30,control,Control,,,,,,,,,,,,,,,,,,,,,,,,,,,,,,,,,,,,,,,,,,,,,,,,,,,,,,,
114,30,medium,Treatment,,,,,,,,,,,,,,,,,,,,,,,,,,,,,,,,,,,,,,,,,,,,,,,,,,,,,,,
115,30,high,Treatment,,,,,,,,,,,,,,,,,,,,,,,,,,,,,,,,,,,,,,,,,,,,,,,,,,,,,,,
116,30,control,Control,,,,,,,,,,,,,,,,,,,,,,,,,,,,,,,,,,,,,,,,,,,,,,,,,,,,,,,
117,30,medium,Treatment,,,,,,,,,,,,,,,,,,,,,,,,,,,,,,,,,,,,,,,,,,,,,,,,,,,,,,,
118,30,high,Treatment,,,,,,,,,,,,,,,,,,,,,,,,,,,,,,,,,,,,,,,,,,,,,,,,,,,,,,,
119,30,control,Control,,,,,,,,,,,,,,,,,,,,,,,,,,,,,,,,,,,,,,,,,,,,,,,,,,,,,,,
120,30,medium,Treatment,,,,,,,,,,,,,,,,,,,,,,,,,,,,,,,,,,,,,,,,,,,,,,,,,,,,,,,
121,30,high,Treatment,,,,,,,,,,,,,,,,,,,,,,,,,,,,,,,,,,,,,,,,,,,,,,,,,,,,,,,
122,30,control,Control,,,,,,,,,,,,,,,,,,,,,,,,,,,,,,,,,,,,,,,,,,,,,,,,,,,,,,,
123,30,medium,Treatment,,,,,,,,,,,,,,,,,,,,,,,,,,,,,,,,,,,,,,,,,,,,,,,,,,,,,,,
124,30,high,Treatment,,,,,,,,,,,,,,,,,,,,,,,,,,,,,,,,,,,,,,,,,,,,,,,,,,,,,,,
125,30,control,Control,,,,,,,,,,,,,,,,,,,,,,,,,,,,,,,,,,,,,,,,,,,,,,,,,,,,,,,
126,30,medium,Treatment,,,,,,,,,,,,,,,,,,,,,,,,,,,,,,,,,,,,,,,,,,,,,,,,,,,,,,,
127,30,high,Treatment,,,,,,,,,,,,,,,,,,,,,,,,,,,,,,,,,,,,,,,,,,,,,,,,,,,,,,,
128,30,control,Control,,,,,,,,,,,,,,,,,,,,,,,,,,,,,,,,,,,,,,,,,,,,,,,,,,,,,,,
129,30,medium,Treatment,,,,,,,,,,,,,,,,,,,,,,,,,,,,,,,,,,,,,,,,,,,,,,,,,,,,,,,
130,30,high,Treatment,,,,,,,,,,,,,,,,,,,,,,,,,,,,,,,,,,,,,,,,,,,,,,,,,,,,,,,
131,30,control,Control,,,,,,2.098930481,leaf growth (mm/day),1.042780749,4,0.5213903743,,,,,,,,,,,,,,,,,,,,,,,,,,,,,,,,,,,,,,,,,,,,,
132,30,control,Control,,,,,,1.470588235,leaf growth (mm/day),0.6951871658,4,0.3475935829,,,,,,,,,,,,,,,,,,,,,,,,,,,,,,,,,,,,,,,,,,,,,
133,30,control,Control,,,,,,1.644385027,leaf growth (mm/day),0.3743315508,4,0.1871657754,,,,,,,,,,,,,,,,,,,,,,,,,,,,,,,,,,,,,,,,,,,,,
134,30,control,Control,,,,,,4.318181818,leaf growth (mm/day),2.219251337,4,1.109625668,,,,,,,,,,,,,,,,,,,,,,,,,,,,,,,,,,,,,,,,,,,,,
135,30,control,Control,,,,,,2.56684492,leaf growth (mm/day),0.4812834225,4,0.2406417112,,,,,,,,,,,,,,,,,,,,,,,,,,,,,,,,,,,,,,,,,,,,,
136,30,control,Control,,,,,,3.101604278,leaf growth (mm/day),0.3475935829,4,0.1737967914,,,,,,,,,,,,,,,,,,,,,,,,,,,,,,,,,,,,,,,,,,,,,
137,30,medium,Treatment,,,,,,3.00802139,leaf growth (mm/day),0.5882352941,4,0.2941176471,,,,,,,,,,,,,,,,,,,,,,,,,,,,,,,,,,,,,,,,,,,,,
138,30,medium,Treatment,,,,,,1.644385027,leaf growth (mm/day),0.1604278075,4,0.08021390374,,,,,,,,,,,,,,,,,,,,,,,,,,,,,,,,,,,,,,,,,,,,,
139,30,medium,Treatment,,,,,,1.403743316,leaf growth (mm/day),0.3475935829,4,0.1737967914,,,,,,,,,,,,,,,,,,,,,,,,,,,,,,,,,,,,,,,,,,,,,
140,30,medium,Treatment,,,,,,4.278074866,leaf growth (mm/day),0.2406417112,4,0.1203208556,,,,,,,,,,,,,,,,,,,,,,,,,,,,,,,,,,,,,,,,,,,,,
141,30,medium,Treatment,,,,,,2.299465241,leaf growth (mm/day),0.5882352941,4,0.2941176471,,,,,,,,,,,,,,,,,,,,,,,,,,,,,,,,,,,,,,,,,,,,,
142,30,medium,Treatment,,,,,,2.807486631,leaf growth (mm/day),0.4278074866,4,0.2139037433,,,,,,,,,,,,,,,,,,,,,,,,,,,,,,,,,,,,,,,,,,,,,
143,30,high,Treatment,,,,,,3.061497326,leaf growth (mm/day),1.336898396,4,0.6684491979,,,,,,,,,,,,,,,,,,,,,,,,,,,,,,,,,,,,,,,,,,,,,
144,30,high,Treatment,,,,,,1.363636364,leaf growth (mm/day),0.4812834225,4,0.2406417112,,,,,,,,,,,,,,,,,,,,,,,,,,,,,,,,,,,,,,,,,,,,,
145,30,high,Treatment,,,,,,1.483957219,leaf growth (mm/day),0.7219251337,4,0.3609625668,,,,,,,,,,,,,,,,,,,,,,,,,,,,,,,,,,,,,,,,,,,,,
146,30,high,Treatment,,,,,,2.045454545,leaf growth (mm/day),0.8823529412,4,0.4411764706,,,,,,,,,,,,,,,,,,,,,,,,,,,,,,,,,,,,,,,,,,,,,
147,30,high,Treatment,,,,,,1.417112299,leaf growth (mm/day),0.614973262,4,0.307486631,,,,,,,,,,,,,,,,,,,,,,,,,,,,,,,,,,,,,,,,,,,,,
148,30,high,Treatment,,,,,,0.01336898396,leaf growth (mm/day),0.1069518717,4,0.05347593583,,,,,,,,,,,,,,,,,,,,,,,,,,,,,,,,,,,,,,,,,,,,,
149,30,control,Control,,,,,,3.14171123,leaf growth (mm/day),0.5614973262,4,0.2807486631,,,,,,,,,,,,,,,,,,,,,,,,,,,,,,,,,,,,,,,,,,,,,
150,30,control,Control,,,,,,3.529411765,leaf growth (mm/day),0.1871657754,4,0.0935828877,,,,,,,,,,,,,,,,,,,,,,,,,,,,,,,,,,,,,,,,,,,,,
151,30,control,Control,,,,,,2.673796791,leaf growth (mm/day),0.5347593583,4,0.2673796791,,,,,,,,,,,,,,,,,,,,,,,,,,,,,,,,,,,,,,,,,,,,,
152,30,control,Control,,,,,,4.919786096,leaf growth (mm/day),1.28342246,4,0.6417112299,,,,,,,,,,,,,,,,,,,,,,,,,,,,,,,,,,,,,,,,,,,,,
153,30,control,Control,,,,,,4.42513369,leaf growth (mm/day),0.7754010695,4,0.3877005348,,,,,,,,,,,,,,,,,,,,,,,,,,,,,,,,,,,,,,,,,,,,,
154,30,control,Control,,,,,,3.836898396,leaf growth (mm/day),0.3743315508,4,0.1871657754,,,,,,,,,,,,,,,,,,,,,,,,,,,,,,,,,,,,,,,,,,,,,
155,30,medium,Treatment,,,,,,4.304812834,leaf growth (mm/day),0.9090909091,4,0.4545454545,,,,,,,,,,,,,,,,,,,,,,,,,,,,,,,,,,,,,,,,,,,,,
156,30,medium,Treatment,,,,,,3.756684492,leaf growth (mm/day),0.6684491979,4,0.3342245989,,,,,,,,,,,,,,,,,,,,,,,,,,,,,,,,,,,,,,,,,,,,,
157,30,medium,Treatment,,,,,,3.489304813,leaf growth (mm/day),0.6684491979,4,0.3342245989,,,,,,,,,,,,,,,,,,,,,,,,,,,,,,,,,,,,,,,,,,,,,
158,30,medium,Treatment,,,,,,4.826203209,leaf growth (mm/day),0.7754010695,4,0.3877005348,,,,,,,,,,,,,,,,,,,,,,,,,,,,,,,,,,,,,,,,,,,,,
159,30,medium,Treatment,,,,,,3.890374332,leaf growth (mm/day),0.6684491979,4,0.3342245989,,,,,,,,,,,,,,,,,,,,,,,,,,,,,,,,,,,,,,,,,,,,,
160,30,medium,Treatment,,,,,,3.20855615,leaf growth (mm/day),0.4545454545,4,0.2272727273,,,,,,,,,,,,,,,,,,,,,,,,,,,,,,,,,,,,,,,,,,,,,
161,30,high,Treatment,,,,,,3.959697733,leaf growth (mm/day),1.270361041,4,0.6351805206,,,,,,,,,,,,,,,,,,,,,,,,,,,,,,,,,,,,,,,,,,,,,
162,30,high,Treatment,,,,,,4.598236776,leaf growth (mm/day),0.6893366919,4,0.3446683459,,,,,,,,,,,,,,,,,,,,,,,,,,,,,,,,,,,,,,,,,,,,,
163,30,high,Treatment,,,,,,4.087321579,leaf growth (mm/day),0.3157010915,4,0.1578505458,,,,,,,,,,,,,,,,,,,,,,,,,,,,,,,,,,,,,,,,,,,,,
164,30,high,Treatment,,,,,,2.685558354,leaf growth (mm/day),0.6893366919,4,0.3446683459,,,,,,,,,,,,,,,,,,,,,,,,,,,,,,,,,,,,,,,,,,,,,
165,30,high,Treatment,,,,,,1.631402183,leaf growth (mm/day),0.4752308984,4,0.2376154492,,,,,,,,,,,,,,,,,,,,,,,,,,,,,,,,,,,,,,,,,,,,,
166,30,high,Treatment,,,,,,0.3807724601,leaf growth (mm/day),0.1041141898,4,0.05205709488,,,,,,,,,,,,,,,,,,,,,,,,,,,,,,,,,,,,,,,,,,,,,
167,31,low,Treatment,,,,,,4.552013273,leaf growth (mm/day),2.173454824,3,1.254844728,,,,,,,,,,,,,,,,,,,,,,,,,,,,,,,,,,,,,,,,,4.081485053,Number leaves/shoot,0.3632797017,3,0.2097396336
168,31,optimum,Treatment,,,,,,19.78879396,leaf growth (mm/day),2.033589644,3,1.174093528,,,,,,,,,,,,,,,,,,,,,,,,,,,,,,,,,,,,,,,,,5.803760849,Number leaves/shoot,0.1820574137,3,0.1051108968
169,31,medium,Control,,,,,,30.37484252,leaf growth (mm/day),3.295953382,3,1.902919572,,,,,,,,,,,,,,,,,,,,,,,,,,,,,,,,,,,,,,,,,5.649469624,Number leaves/shoot,0.184562791,3,0.106557377
170,31,med-high,Treatment,,,,,,35.30995931,leaf growth (mm/day),2.202071741,3,1.271366712,,,,,,,,,,,,,,,,,,,,,,,,,,,,,,,,,,,,,,,,,5.043876567,Number leaves/shoot,0.3048208991,3,0.1759884282
171,31,high,Treatment,,,,,,20.57978398,leaf growth (mm/day),5.290194765,3,3.054295372,,,,,,,,,,,,,,,,,,,,,,,,,,,,,,,,,,,,,,,,,4.856316297,Number leaves/shoot,0.3039857734,3,0.1755062681
172,31,very high ,Treatment,,,,,,13.51704862,leaf growth (mm/day),1.603262759,3,0.9256441853,,,,,,,,,,,,,,,,,,,,,,,,,,,,,,,,,,,,,,,,,4.520732883,Number leaves/shoot,0.2396810905,3,0.1383799421
173,31,extreme,Treatment,,,,,,8.268220651,leaf growth (mm/day),4.321869846,3,2.495232719,,,,,,,,,,,,,,,,,,,,,,,,,,,,,,,,,,,,,,,,,3.386692382,Number leaves/shoot,0.2981398931,3,0.1721311475
174,32,low,,,,,,,4.315789474,leaf growth (mm/day),0.8421052632,4,0.4210526316,,,,,,,,,,,,,,,,,,,,,0.1942780455,mg/shoot d,0.0292075886,4,0.0146037943,,,,,,,,,,,,,,,,,,,,
175,32,medium,,,,,,,10,leaf growth (mm/day),2.526315789,4,1.263157895,,,,,,,,,,,,,,,,,,,,,0.4309766364,mg/shoot d,0.121368877,4,0.06068443848,,,,,,,,,,,,,,,,,,,,
176,32,high,,,,,,,7.263157895,leaf growth (mm/day),4.421052632,4,2.210526316,,,,,,,,,,,,,,,,,,,,,0.3302507168,mg/shoot d,0.2061367657,4,0.1030683828,,,,,,,,,,,,,,,,,,,,
177,32,low,,,,,,,6.315789474,leaf growth (mm/day),0.8421052632,4,0.4210526316,,,,,,,,,,,,,,,,,,,,,0.2472396755,mg/shoot d,0.04860611237,4,0.02430305618,,,,,,,,,,,,,,,,,,,,
178,32,medium,,,,,,,12.94736842,leaf growth (mm/day),2.315789474,4,1.157894737,,,,,,,,,,,,,,,,,,,,,0.460184225,mg/shoot d,0.1231257244,4,0.0615628622,,,,,,,,,,,,,,,,,,,,
179,32,high,,,,,,,12.10526316,leaf growth (mm/day),4.421052632,4,2.210526316,,,,,,,,,,,,,,,,,,,,,0.537814921,mg/shoot d,0.2061367657,4,0.1030683828,,,,,,,,,,,,,,,,,,,,
180,33,control,Control,,,,,,,,,,,,,,,,,,,,,,,,,,,,,,,,,,,,,,,,,,,,,,,,,,,,,,,
181,33,control,Control,,,,,,,,,,,,,,,,,,,,,,,,,,,,,,,,,,,,,,,,,,,,,,,,,,,,,,,
182,33,control,Control,,,,,,,,,,,,,,,,,,,,,,,,,,,,,,,,,,,,,,,,,,,,,,,,,,,,,,,
183,33,control,Control,,,,,,,,,,,,,,,,,,,,,,,,,,,,,,,,,,,,,,,,,,,,,,,,,,,,,,,
184,33,control,Control,,,,,,,,,,,,,,,,,,,,,,,,,,,,,,,,,,,,,,,,,,,,,,,,,,,,,,,
185,33,medium,Treatment,,,,,,,,,,,,,,,,,,,,,,,,,,,,,,,,,,,,,,,,,,,,,,,,,,,,,,,
186,33,medium,Treatment,,,,,,,,,,,,,,,,,,,,,,,,,,,,,,,,,,,,,,,,,,,,,,,,,,,,,,,
187,33,medium,Treatment,,,,,,,,,,,,,,,,,,,,,,,,,,,,,,,,,,,,,,,,,,,,,,,,,,,,,,,
188,33,medium,Treatment,,,,,,,,,,,,,,,,,,,,,,,,,,,,,,,,,,,,,,,,,,,,,,,,,,,,,,,
189,33,medium,Treatment,,,,,,,,,,,,,,,,,,,,,,,,,,,,,,,,,,,,,,,,,,,,,,,,,,,,,,,
190,33,control,Control,,,,,,,,,,,,,,,,,,,,,,,,,,,,,,,,,,,,,,,,,,,,,,,,,,,,,,,
191,33,control,Control,,,,,,,,,,,,,,,,,,,,,,,,,,,,,,,,,,,,,,,,,,,,,,,,,,,,,,,
192,33,control,Control,,,,,,,,,,,,,,,,,,,,,,,,,,,,,,,,,,,,,,,,,,,,,,,,,,,,,,,
193,33,control,Control,,,,,,,,,,,,,,,,,,,,,,,,,,,,,,,,,,,,,,,,,,,,,,,,,,,,,,,
194,33,control,Control,,,,,,,,,,,,,,,,,,,,,,,,,,,,,,,,,,,,,,,,,,,,,,,,,,,,,,,
195,33,high,Treatment,,,,,,,,,,,,,,,,,,,,,,,,,,,,,,,,,,,,,,,,,,,,,,,,,,,,,,,
196,33,high,Treatment,,,,,,,,,,,,,,,,,,,,,,,,,,,,,,,,,,,,,,,,,,,,,,,,,,,,,,,
197,33,high,Treatment,,,,,,,,,,,,,,,,,,,,,,,,,,,,,,,,,,,,,,,,,,,,,,,,,,,,,,,
198,33,high,Treatment,,,,,,,,,,,,,,,,,,,,,,,,,,,,,,,,,,,,,,,,,,,,,,,,,,,,,,,
199,33,high,Treatment,,,,,,,,,,,,,,,,,,,,,,,,,,,,,,,,,,,,,,,,,,,,,,,,,,,,,,,
200,33,control,Control,,,,,,,,,,,,,,,,,,,,,,,,,,,,,,,,,,,,,,,,,,,,,,,,,,,,,,,
201,33,control,Control,,,,,,,,,,,,,,,,,,,,,,,,,,,,,,,,,,,,,,,,,,,,,,,,,,,,,,,
202,33,control,Control,,,,,,,,,,,,,,,,,,,,,,,,,,,,,,,,,,,,,,,,,,,,,,,,,,,,,,,
203,33,control,Control,,,,,,,,,,,,,,,,,,,,,,,,,,,,,,,,,,,,,,,,,,,,,,,,,,,,,,,
204,33,control,Control,,,,,,,,,,,,,,,,,,,,,,,,,,,,,,,,,,,,,,,,,,,,,,,,,,,,,,,
205,33,extreme,Treatment,,,,,,,,,,,,,,,,,,,,,,,,,,,,,,,,,,,,,,,,,,,,,,,,,,,,,,,
206,33,extreme,Treatment,,,,,,,,,,,,,,,,,,,,,,,,,,,,,,,,,,,,,,,,,,,,,,,,,,,,,,,
207,33,extreme,Treatment,,,,,,,,,,,,,,,,,,,,,,,,,,,,,,,,,,,,,,,,,,,,,,,,,,,,,,,
208,33,extreme,Treatment,,,,,,,,,,,,,,,,,,,,,,,,,,,,,,,,,,,,,,,,,,,,,,,,,,,,,,,
209,33,extreme,Treatment,,,,,,,,,,,,,,,,,,,,,,,,,,,,,,,,,,,,,,,,,,,,,,,,,,,,,,,
210,33,control,Control,,,,,,,,,,,,,,,,,,,,,,,,,,,,,,,,,,,,,,,,,,,,,,,,,,,,,,,
211,33,control,Control,,,,,,,,,,,,,,,,,,,,,,,,,,,,,,,,,,,,,,,,,,,,,,,,,,,,,,,
212,33,control,Control,,,,,,,,,,,,,,,,,,,,,,,,,,,,,,,,,,,,,,,,,,,,,,,,,,,,,,,
213,33,control,Control,,,,,,,,,,,,,,,,,,,,,,,,,,,,,,,,,,,,,,,,,,,,,,,,,,,,,,,
214,33,control,Control,,,,,,,,,,,,,,,,,,,,,,,,,,,,,,,,,,,,,,,,,,,,,,,,,,,,,,,
215,33,medium,Treatment,,,,,,,,,,,,,,,,,,,,,,,,,,,,,,,,,,,,,,,,,,,,,,,,,,,,,,,
216,33,medium,Treatment,,,,,,,,,,,,,,,,,,,,,,,,,,,,,,,,,,,,,,,,,,,,,,,,,,,,,,,
217,33,medium,Treatment,,,,,,,,,,,,,,,,,,,,,,,,,,,,,,,,,,,,,,,,,,,,,,,,,,,,,,,
218,33,medium,Treatment,,,,,,,,,,,,,,,,,,,,,,,,,,,,,,,,,,,,,,,,,,,,,,,,,,,,,,,
219,33,medium,Treatment,,,,,,,,,,,,,,,,,,,,,,,,,,,,,,,,,,,,,,,,,,,,,,,,,,,,,,,
220,33,control,Control,,,,,,,,,,,,,,,,,,,,,,,,,,,,,,,,,,,,,,,,,,,,,,,,,,,,,,,
221,33,control,Control,,,,,,,,,,,,,,,,,,,,,,,,,,,,,,,,,,,,,,,,,,,,,,,,,,,,,,,
222,33,control,Control,,,,,,,,,,,,,,,,,,,,,,,,,,,,,,,,,,,,,,,,,,,,,,,,,,,,,,,
223,33,control,Control,,,,,,,,,,,,,,,,,,,,,,,,,,,,,,,,,,,,,,,,,,,,,,,,,,,,,,,
224,33,control,Control,,,,,,,,,,,,,,,,,,,,,,,,,,,,,,,,,,,,,,,,,,,,,,,,,,,,,,,
225,33,high,Treatment,,,,,,,,,,,,,,,,,,,,,,,,,,,,,,,,,,,,,,,,,,,,,,,,,,,,,,,
226,33,high,Treatment,,,,,,,,,,,,,,,,,,,,,,,,,,,,,,,,,,,,,,,,,,,,,,,,,,,,,,,
227,33,high,Treatment,,,,,,,,,,,,,,,,,,,,,,,,,,,,,,,,,,,,,,,,,,,,,,,,,,,,,,,
228,33,high,Treatment,,,,,,,,,,,,,,,,,,,,,,,,,,,,,,,,,,,,,,,,,,,,,,,,,,,,,,,
229,33,high,Treatment,,,,,,,,,,,,,,,,,,,,,,,,,,,,,,,,,,,,,,,,,,,,,,,,,,,,,,,
230,33,control,Control,,,,,,,,,,,,,,,,,,,,,,,,,,,,,,,,,,,,,,,,,,,,,,,,,,,,,,,
231,33,control,Control,,,,,,,,,,,,,,,,,,,,,,,,,,,,,,,,,,,,,,,,,,,,,,,,,,,,,,,
232,33,control,Control,,,,,,,,,,,,,,,,,,,,,,,,,,,,,,,,,,,,,,,,,,,,,,,,,,,,,,,
233,33,control,Control,,,,,,,,,,,,,,,,,,,,,,,,,,,,,,,,,,,,,,,,,,,,,,,,,,,,,,,
234,33,control,Control,,,,,,,,,,,,,,,,,,,,,,,,,,,,,,,,,,,,,,,,,,,,,,,,,,,,,,,
235,33,extreme,Treatment,,,,,,,,,,,,,,,,,,,,,,,,,,,,,,,,,,,,,,,,,,,,,,,,,,,,,,,
236,33,extreme,Treatment,,,,,,,,,,,,,,,,,,,,,,,,,,,,,,,,,,,,,,,,,,,,,,,,,,,,,,,
237,33,extreme,Treatment,,,,,,,,,,,,,,,,,,,,,,,,,,,,,,,,,,,,,,,,,,,,,,,,,,,,,,,
238,33,extreme,Treatment,,,,,,,,,,,,,,,,,,,,,,,,,,,,,,,,,,,,,,,,,,,,,,,,,,,,,,,
239,33,extreme,Treatment,,,,,,,,,,,,,,,,,,,,,,,,,,,,,,,,,,,,,,,,,,,,,,,,,,,,,,,
240,33,control,Control,,,,,,,,,,,,,,,,,,,,,,,,,,,,,,,,,,,,,,,,,,,,,,,,,,,,,,,
241,33,control,Control,,,,,,,,,,,,,,,,,,,,,,,,,,,,,,,,,,,,,,,,,,,,,,,,,,,,,,,
242,33,control,Control,,,,,,,,,,,,,,,,,,,,,,,,,,,,,,,,,,,,,,,,,,,,,,,,,,,,,,,
243,33,control,Control,,,,,,,,,,,,,,,,,,,,,,,,,,,,,,,,,,,,,,,,,,,,,,,,,,,,,,,
244,33,control,Control,,,,,,,,,,,,,,,,,,,,,,,,,,,,,,,,,,,,,,,,,,,,,,,,,,,,,,,
245,33,medium,Treatment,,,,,,,,,,,,,,,,,,,,,,,,,,,,,,,,,,,,,,,,,,,,,,,,,,,,,,,
246,33,medium,Treatment,,,,,,,,,,,,,,,,,,,,,,,,,,,,,,,,,,,,,,,,,,,,,,,,,,,,,,,
247,33,medium,Treatment,,,,,,,,,,,,,,,,,,,,,,,,,,,,,,,,,,,,,,,,,,,,,,,,,,,,,,,
248,33,medium,Treatment,,,,,,,,,,,,,,,,,,,,,,,,,,,,,,,,,,,,,,,,,,,,,,,,,,,,,,,
249,33,medium,Treatment,,,,,,,,,,,,,,,,,,,,,,,,,,,,,,,,,,,,,,,,,,,,,,,,,,,,,,,
250,33,control,Control,,,,,,,,,,,,,,,,,,,,,,,,,,,,,,,,,,,,,,,,,,,,,,,,,,,,,,,
251,33,control,Control,,,,,,,,,,,,,,,,,,,,,,,,,,,,,,,,,,,,,,,,,,,,,,,,,,,,,,,
252,33,control,Control,,,,,,,,,,,,,,,,,,,,,,,,,,,,,,,,,,,,,,,,,,,,,,,,,,,,,,,
253,33,control,Control,,,,,,,,,,,,,,,,,,,,,,,,,,,,,,,,,,,,,,,,,,,,,,,,,,,,,,,
254,33,control,Control,,,,,,,,,,,,,,,,,,,,,,,,,,,,,,,,,,,,,,,,,,,,,,,,,,,,,,,
255,33,high,Treatment,,,,,,,,,,,,,,,,,,,,,,,,,,,,,,,,,,,,,,,,,,,,,,,,,,,,,,,
256,33,high,Treatment,,,,,,,,,,,,,,,,,,,,,,,,,,,,,,,,,,,,,,,,,,,,,,,,,,,,,,,
257,33,high,Treatment,,,,,,,,,,,,,,,,,,,,,,,,,,,,,,,,,,,,,,,,,,,,,,,,,,,,,,,
258,33,high,Treatment,,,,,,,,,,,,,,,,,,,,,,,,,,,,,,,,,,,,,,,,,,,,,,,,,,,,,,,
259,33,high,Treatment,,,,,,,,,,,,,,,,,,,,,,,,,,,,,,,,,,,,,,,,,,,,,,,,,,,,,,,
260,33,control,Control,,,,,,,,,,,,,,,,,,,,,,,,,,,,,,,,,,,,,,,,,,,,,,,,,,,,,,,
261,33,control,Control,,,,,,,,,,,,,,,,,,,,,,,,,,,,,,,,,,,,,,,,,,,,,,,,,,,,,,,
262,33,control,Control,,,,,,,,,,,,,,,,,,,,,,,,,,,,,,,,,,,,,,,,,,,,,,,,,,,,,,,
263,33,control,Control,,,,,,,,,,,,,,,,,,,,,,,,,,,,,,,,,,,,,,,,,,,,,,,,,,,,,,,
264,33,control,Control,,,,,,,,,,,,,,,,,,,,,,,,,,,,,,,,,,,,,,,,,,,,,,,,,,,,,,,
265,33,extreme,Treatment,,,,,,,,,,,,,,,,,,,,,,,,,,,,,,,,,,,,,,,,,,,,,,,,,,,,,,,
266,33,extreme,Treatment,,,,,,,,,,,,,,,,,,,,,,,,,,,,,,,,,,,,,,,,,,,,,,,,,,,,,,,
267,33,extreme,Treatment,,,,,,,,,,,,,,,,,,,,,,,,,,,,,,,,,,,,,,,,,,,,,,,,,,,,,,,
268,33,extreme,Treatment,,,,,,,,,,,,,,,,,,,,,,,,,,,,,,,,,,,,,,,,,,,,,,,,,,,,,,,
269,33,extreme,Treatment,,,,,,,,,,,,,,,,,,,,,,,,,,,,,,,,,,,,,,,,,,,,,,,,,,,,,,,
270,33,control,Control,,,,,,,,,,,,,,,,,,,,,,,,,,,,,,,,,,,,,,,,,,,,,,,,,,,,,,,
271,33,control,Control,,,,,,,,,,,,,,,,,,,,,,,,,,,,,,,,,,,,,,,,,,,,,,,,,,,,,,,
272,33,control,Control,,,,,,,,,,,,,,,,,,,,,,,,,,,,,,,,,,,,,,,,,,,,,,,,,,,,,,,
273,33,control,Control,,,,,,,,,,,,,,,,,,,,,,,,,,,,,,,,,,,,,,,,,,,,,,,,,,,,,,,
274,33,control,Control,,,,,,,,,,,,,,,,,,,,,,,,,,,,,,,,,,,,,,,,,,,,,,,,,,,,,,,
275,33,medium,Treatment,,,,,,,,,,,,,,,,,,,,,,,,,,,,,,,,,,,,,,,,,,,,,,,,,,,,,,,
276,33,medium,Treatment,,,,,,,,,,,,,,,,,,,,,,,,,,,,,,,,,,,,,,,,,,,,,,,,,,,,,,,
277,33,medium,Treatment,,,,,,,,,,,,,,,,,,,,,,,,,,,,,,,,,,,,,,,,,,,,,,,,,,,,,,,
278,33,medium,Treatment,,,,,,,,,,,,,,,,,,,,,,,,,,,,,,,,,,,,,,,,,,,,,,,,,,,,,,,
279,33,medium,Treatment,,,,,,,,,,,,,,,,,,,,,,,,,,,,,,,,,,,,,,,,,,,,,,,,,,,,,,,
280,33,control,Control,,,,,,,,,,,,,,,,,,,,,,,,,,,,,,,,,,,,,,,,,,,,,,,,,,,,,,,
281,33,control,Control,,,,,,,,,,,,,,,,,,,,,,,,,,,,,,,,,,,,,,,,,,,,,,,,,,,,,,,
282,33,control,Control,,,,,,,,,,,,,,,,,,,,,,,,,,,,,,,,,,,,,,,,,,,,,,,,,,,,,,,
283,33,control,Control,,,,,,,,,,,,,,,,,,,,,,,,,,,,,,,,,,,,,,,,,,,,,,,,,,,,,,,
284,33,control,Control,,,,,,,,,,,,,,,,,,,,,,,,,,,,,,,,,,,,,,,,,,,,,,,,,,,,,,,
285,33,high,Treatment,,,,,,,,,,,,,,,,,,,,,,,,,,,,,,,,,,,,,,,,,,,,,,,,,,,,,,,
286,33,high,Treatment,,,,,,,,,,,,,,,,,,,,,,,,,,,,,,,,,,,,,,,,,,,,,,,,,,,,,,,
287,33,high,Treatment,,,,,,,,,,,,,,,,,,,,,,,,,,,,,,,,,,,,,,,,,,,,,,,,,,,,,,,
288,33,high,Treatment,,,,,,,,,,,,,,,,,,,,,,,,,,,,,,,,,,,,,,,,,,,,,,,,,,,,,,,
289,33,high,Treatment,,,,,,,,,,,,,,,,,,,,,,,,,,,,,,,,,,,,,,,,,,,,,,,,,,,,,,,
290,33,control,Control,,,,,,,,,,,,,,,,,,,,,,,,,,,,,,,,,,,,,,,,,,,,,,,,,,,,,,,
291,33,control,Control,,,,,,,,,,,,,,,,,,,,,,,,,,,,,,,,,,,,,,,,,,,,,,,,,,,,,,,
292,33,control,Control,,,,,,,,,,,,,,,,,,,,,,,,,,,,,,,,,,,,,,,,,,,,,,,,,,,,,,,
293,33,control,Control,,,,,,,,,,,,,,,,,,,,,,,,,,,,,,,,,,,,,,,,,,,,,,,,,,,,,,,
294,33,control,Control,,,,,,,,,,,,,,,,,,,,,,,,,,,,,,,,,,,,,,,,,,,,,,,,,,,,,,,
295,33,extreme,Treatment,,,,,,,,,,,,,,,,,,,,,,,,,,,,,,,,,,,,,,,,,,,,,,,,,,,,,,,
296,33,extreme,Treatment,,,,,,,,,,,,,,,,,,,,,,,,,,,,,,,,,,,,,,,,,,,,,,,,,,,,,,,
297,33,extreme,Treatment,,,,,,,,,,,,,,,,,,,,,,,,,,,,,,,,,,,,,,,,,,,,,,,,,,,,,,,
298,33,extreme,Treatment,,,,,,,,,,,,,,,,,,,,,,,,,,,,,,,,,,,,,,,,,,,,,,,,,,,,,,,
299,33,extreme,Treatment,,,,,,,,,,,,,,,,,,,,,,,,,,,,,,,,,,,,,,,,,,,,,,,,,,,,,,,
300,33,control,Control,,,,,,,,,,,,,,,,,,,,,,,,,,,,,,,,,,,,,,,,,,,,,,,,,,,,,,,
301,33,control,Control,,,,,,,,,,,,,,,,,,,,,,,,,,,,,,,,,,,,,,,,,,,,,,,,,,,,,,,
302,33,control,Control,,,,,,,,,,,,,,,,,,,,,,,,,,,,,,,,,,,,,,,,,,,,,,,,,,,,,,,
303,33,control,Control,,,,,,,,,,,,,,,,,,,,,,,,,,,,,,,,,,,,,,,,,,,,,,,,,,,,,,,
304,33,control,Control,,,,,,,,,,,,,,,,,,,,,,,,,,,,,,,,,,,,,,,,,,,,,,,,,,,,,,,
305,33,medium,Treatment,,,,,,,,,,,,,,,,,,,,,,,,,,,,,,,,,,,,,,,,,,,,,,,,,,,,,,,
306,33,medium,Treatment,,,,,,,,,,,,,,,,,,,,,,,,,,,,,,,,,,,,,,,,,,,,,,,,,,,,,,,
307,33,medium,Treatment,,,,,,,,,,,,,,,,,,,,,,,,,,,,,,,,,,,,,,,,,,,,,,,,,,,,,,,
308,33,medium,Treatment,,,,,,,,,,,,,,,,,,,,,,,,,,,,,,,,,,,,,,,,,,,,,,,,,,,,,,,
309,33,medium,Treatment,,,,,,,,,,,,,,,,,,,,,,,,,,,,,,,,,,,,,,,,,,,,,,,,,,,,,,,
310,33,control,Control,,,,,,,,,,,,,,,,,,,,,,,,,,,,,,,,,,,,,,,,,,,,,,,,,,,,,,,
311,33,control,Control,,,,,,,,,,,,,,,,,,,,,,,,,,,,,,,,,,,,,,,,,,,,,,,,,,,,,,,
312,33,control,Control,,,,,,,,,,,,,,,,,,,,,,,,,,,,,,,,,,,,,,,,,,,,,,,,,,,,,,,
313,33,control,Control,,,,,,,,,,,,,,,,,,,,,,,,,,,,,,,,,,,,,,,,,,,,,,,,,,,,,,,
314,33,control,Control,,,,,,,,,,,,,,,,,,,,,,,,,,,,,,,,,,,,,,,,,,,,,,,,,,,,,,,
315,33,high,Treatment,,,,,,,,,,,,,,,,,,,,,,,,,,,,,,,,,,,,,,,,,,,,,,,,,,,,,,,
316,33,high,Treatment,,,,,,,,,,,,,,,,,,,,,,,,,,,,,,,,,,,,,,,,,,,,,,,,,,,,,,,
317,33,high,Treatment,,,,,,,,,,,,,,,,,,,,,,,,,,,,,,,,,,,,,,,,,,,,,,,,,,,,,,,
318,33,high,Treatment,,,,,,,,,,,,,,,,,,,,,,,,,,,,,,,,,,,,,,,,,,,,,,,,,,,,,,,
319,33,high,Treatment,,,,,,,,,,,,,,,,,,,,,,,,,,,,,,,,,,,,,,,,,,,,,,,,,,,,,,,
320,33,control,Control,,,,,,,,,,,,,,,,,,,,,,,,,,,,,,,,,,,,,,,,,,,,,,,,,,,,,,,
321,33,control,Control,,,,,,,,,,,,,,,,,,,,,,,,,,,,,,,,,,,,,,,,,,,,,,,,,,,,,,,
322,33,control,Control,,,,,,,,,,,,,,,,,,,,,,,,,,,,,,,,,,,,,,,,,,,,,,,,,,,,,,,
323,33,control,Control,,,,,,,,,,,,,,,,,,,,,,,,,,,,,,,,,,,,,,,,,,,,,,,,,,,,,,,
324,33,control,Control,,,,,,,,,,,,,,,,,,,,,,,,,,,,,,,,,,,,,,,,,,,,,,,,,,,,,,,
325,33,extreme,Treatment,,,,,,,,,,,,,,,,,,,,,,,,,,,,,,,,,,,,,,,,,,,,,,,,,,,,,,,
326,33,extreme,Treatment,,,,,,,,,,,,,,,,,,,,,,,,,,,,,,,,,,,,,,,,,,,,,,,,,,,,,,,
327,33,extreme,Treatment,,,,,,,,,,,,,,,,,,,,,,,,,,,,,,,,,,,,,,,,,,,,,,,,,,,,,,,
328,33,extreme,Treatment,,,,,,,,,,,,,,,,,,,,,,,,,,,,,,,,,,,,,,,,,,,,,,,,,,,,,,,
329,33,extreme,Treatment,,,,,,,,,,,,,,,,,,,,,,,,,,,,,,,,,,,,,,,,,,,,,,,,,,,,,,,
330,33,control,Control,,,,,,,,,,,,,,,,,,,,,,,,,,,,,,,,,,,,,,,,,,,,,,,,,,,,,,,
331,33,control,Control,,,,,,,,,,,,,,,,,,,,,,,,,,,,,,,,,,,,,,,,,,,,,,,,,,,,,,,
332,33,control,Control,,,,,,,,,,,,,,,,,,,,,,,,,,,,,,,,,,,,,,,,,,,,,,,,,,,,,,,
333,33,control,Control,,,,,,,,,,,,,,,,,,,,,,,,,,,,,,,,,,,,,,,,,,,,,,,,,,,,,,,
334,33,control,Control,,,,,,,,,,,,,,,,,,,,,,,,,,,,,,,,,,,,,,,,,,,,,,,,,,,,,,,
335,33,medium,Treatment,,,,,,,,,,,,,,,,,,,,,,,,,,,,,,,,,,,,,,,,,,,,,,,,,,,,,,,
336,33,medium,Treatment,,,,,,,,,,,,,,,,,,,,,,,,,,,,,,,,,,,,,,,,,,,,,,,,,,,,,,,
337,33,medium,Treatment,,,,,,,,,,,,,,,,,,,,,,,,,,,,,,,,,,,,,,,,,,,,,,,,,,,,,,,
338,33,medium,Treatment,,,,,,,,,,,,,,,,,,,,,,,,,,,,,,,,,,,,,,,,,,,,,,,,,,,,,,,
339,33,medium,Treatment,,,,,,,,,,,,,,,,,,,,,,,,,,,,,,,,,,,,,,,,,,,,,,,,,,,,,,,
340,33,control,Control,,,,,,,,,,,,,,,,,,,,,,,,,,,,,,,,,,,,,,,,,,,,,,,,,,,,,,,
341,33,control,Control,,,,,,,,,,,,,,,,,,,,,,,,,,,,,,,,,,,,,,,,,,,,,,,,,,,,,,,
342,33,control,Control,,,,,,,,,,,,,,,,,,,,,,,,,,,,,,,,,,,,,,,,,,,,,,,,,,,,,,,
343,33,control,Control,,,,,,,,,,,,,,,,,,,,,,,,,,,,,,,,,,,,,,,,,,,,,,,,,,,,,,,
344,33,control,Control,,,,,,,,,,,,,,,,,,,,,,,,,,,,,,,,,,,,,,,,,,,,,,,,,,,,,,,
345,33,high,Treatment,,,,,,,,,,,,,,,,,,,,,,,,,,,,,,,,,,,,,,,,,,,,,,,,,,,,,,,
346,33,high,Treatment,,,,,,,,,,,,,,,,,,,,,,,,,,,,,,,,,,,,,,,,,,,,,,,,,,,,,,,
347,33,high,Treatment,,,,,,,,,,,,,,,,,,,,,,,,,,,,,,,,,,,,,,,,,,,,,,,,,,,,,,,
348,33,high,Treatment,,,,,,,,,,,,,,,,,,,,,,,,,,,,,,,,,,,,,,,,,,,,,,,,,,,,,,,
349,33,high,Treatment,,,,,,,,,,,,,,,,,,,,,,,,,,,,,,,,,,,,,,,,,,,,,,,,,,,,,,,
350,33,control,Control,,,,,,,,,,,,,,,,,,,,,,,,,,,,,,,,,,,,,,,,,,,,,,,,,,,,,,,
351,33,control,Control,,,,,,,,,,,,,,,,,,,,,,,,,,,,,,,,,,,,,,,,,,,,,,,,,,,,,,,
352,33,control,Control,,,,,,,,,,,,,,,,,,,,,,,,,,,,,,,,,,,,,,,,,,,,,,,,,,,,,,,
353,33,control,Control,,,,,,,,,,,,,,,,,,,,,,,,,,,,,,,,,,,,,,,,,,,,,,,,,,,,,,,
354,33,control,Control,,,,,,,,,,,,,,,,,,,,,,,,,,,,,,,,,,,,,,,,,,,,,,,,,,,,,,,
355,33,extreme,Treatment,,,,,,,,,,,,,,,,,,,,,,,,,,,,,,,,,,,,,,,,,,,,,,,,,,,,,,,
356,33,extreme,Treatment,,,,,,,,,,,,,,,,,,,,,,,,,,,,,,,,,,,,,,,,,,,,,,,,,,,,,,,
357,33,extreme,Treatment,,,,,,,,,,,,,,,,,,,,,,,,,,,,,,,,,,,,,,,,,,,,,,,,,,,,,,,
358,33,extreme,Treatment,,,,,,,,,,,,,,,,,,,,,,,,,,,,,,,,,,,,,,,,,,,,,,,,,,,,,,,
359,33,extreme,Treatment,,,,,,,,,,,,,,,,,,,,,,,,,,,,,,,,,,,,,,,,,,,,,,,,,,,,,,,
360,33,control,Control,,,,,,,,,,,,,,,,,,,,,,,,,,,,,,,,,,,,,,,,,,,,,,,,,,,,,,,
361,33,control,Control,,,,,,,,,,,,,,,,,,,,,,,,,,,,,,,,,,,,,,,,,,,,,,,,,,,,,,,
362,33,control,Control,,,,,,,,,,,,,,,,,,,,,,,,,,,,,,,,,,,,,,,,,,,,,,,,,,,,,,,
363,33,control,Control,,,,,,,,,,,,,,,,,,,,,,,,,,,,,,,,,,,,,,,,,,,,,,,,,,,,,,,
364,33,control,Control,,,,,,,,,,,,,,,,,,,,,,,,,,,,,,,,,,,,,,,,,,,,,,,,,,,,,,,
365,33,medium,Treatment,,,,,,,,,,,,,,,,,,,,,,,,,,,,,,,,,,,,,,,,,,,,,,,,,,,,,,,
366,33,medium,Treatment,,,,,,,,,,,,,,,,,,,,,,,,,,,,,,,,,,,,,,,,,,,,,,,,,,,,,,,
367,33,medium,Treatment,,,,,,,,,,,,,,,,,,,,,,,,,,,,,,,,,,,,,,,,,,,,,,,,,,,,,,,
368,33,medium,Treatment,,,,,,,,,,,,,,,,,,,,,,,,,,,,,,,,,,,,,,,,,,,,,,,,,,,,,,,
369,33,medium,Treatment,,,,,,,,,,,,,,,,,,,,,,,,,,,,,,,,,,,,,,,,,,,,,,,,,,,,,,,
370,33,control,Control,,,,,,,,,,,,,,,,,,,,,,,,,,,,,,,,,,,,,,,,,,,,,,,,,,,,,,,
371,33,control,Control,,,,,,,,,,,,,,,,,,,,,,,,,,,,,,,,,,,,,,,,,,,,,,,,,,,,,,,
372,33,control,Control,,,,,,,,,,,,,,,,,,,,,,,,,,,,,,,,,,,,,,,,,,,,,,,,,,,,,,,
373,33,control,Control,,,,,,,,,,,,,,,,,,,,,,,,,,,,,,,,,,,,,,,,,,,,,,,,,,,,,,,
374,33,control,Control,,,,,,,,,,,,,,,,,,,,,,,,,,,,,,,,,,,,,,,,,,,,,,,,,,,,,,,
375,33,high,Treatment,,,,,,,,,,,,,,,,,,,,,,,,,,,,,,,,,,,,,,,,,,,,,,,,,,,,,,,
376,33,high,Treatment,,,,,,,,,,,,,,,,,,,,,,,,,,,,,,,,,,,,,,,,,,,,,,,,,,,,,,,
377,33,high,Treatment,,,,,,,,,,,,,,,,,,,,,,,,,,,,,,,,,,,,,,,,,,,,,,,,,,,,,,,
378,33,high,Treatment,,,,,,,,,,,,,,,,,,,,,,,,,,,,,,,,,,,,,,,,,,,,,,,,,,,,,,,
379,33,high,Treatment,,,,,,,,,,,,,,,,,,,,,,,,,,,,,,,,,,,,,,,,,,,,,,,,,,,,,,,
380,33,control,Control,,,,,,,,,,,,,,,,,,,,,,,,,,,,,,,,,,,,,,,,,,,,,,,,,,,,,,,
381,33,control,Control,,,,,,,,,,,,,,,,,,,,,,,,,,,,,,,,,,,,,,,,,,,,,,,,,,,,,,,
382,33,control,Control,,,,,,,,,,,,,,,,,,,,,,,,,,,,,,,,,,,,,,,,,,,,,,,,,,,,,,,
383,33,control,Control,,,,,,,,,,,,,,,,,,,,,,,,,,,,,,,,,,,,,,,,,,,,,,,,,,,,,,,
384,33,control,Control,,,,,,,,,,,,,,,,,,,,,,,,,,,,,,,,,,,,,,,,,,,,,,,,,,,,,,,
385,33,extreme,Treatment,,,,,,,,,,,,,,,,,,,,,,,,,,,,,,,,,,,,,,,,,,,,,,,,,,,,,,,
386,33,extreme,Treatment,,,,,,,,,,,,,,,,,,,,,,,,,,,,,,,,,,,,,,,,,,,,,,,,,,,,,,,
387,33,extreme,Treatment,,,,,,,,,,,,,,,,,,,,,,,,,,,,,,,,,,,,,,,,,,,,,,,,,,,,,,,
388,33,extreme,Treatment,,,,,,,,,,,,,,,,,,,,,,,,,,,,,,,,,,,,,,,,,,,,,,,,,,,,,,,
389,33,extreme,Treatment,,,,,,,,,,,,,,,,,,,,,,,,,,,,,,,,,,,,,,,,,,,,,,,,,,,,,,,
390,34,ambient,Control,,,,,,,,,,,,,,,,,,,,,,,,,,,,,,,,,,,,,,,,,,,,,,,,,,,,,,,
391,34,medium,Treatment,,,,,,,,,,,,,,,,,,,,,,,,,,,,,,,,,,,,,,,,,,,,,,,,,,,,,,,
392,34,high,Treatment,,,,,,,,,,,,,,,,,,,,,,,,,,,,,,,,,,,,,,,,,,,,,,,,,,,,,,,
393,34,extreme,Treatment,,,,,,,,,,,,,,,,,,,,,,,,,,,,,,,,,,,,,,,,,,,,,,,,,,,,,,,
394,34,ambient,Control,,,,,,,,,,,1.589646521,leaf 1 growth (mm/day),1.577035079,4,0.7885175395,,,,,,2.013274336,,0.191740413,4,0.09587020649,,,,,,,,,,,,,,,,,,,,,,,,,,,,,,
395,34,medium,Treatment,,,,,,,,,,,1.862618162,leaf 1 growth (mm/day),1.562385198,4,0.7811925989,,,,,,2.116519174,,0.3539823009,4,0.1769911504,,,,,,,,,,,,,,,,,,,,,,,,,,,,,,
396,34,high,Treatment,,,,,,,,,,,2.428161821,leaf 1 growth (mm/day),0.8135836208,4,0.4067918104,,,,,,2.116519174,,0.3687315634,4,0.1843657817,,,,,,,,,,,,,,,,,,,,,,,,,,,,,,
397,34,extreme,Treatment,,,,,,,,,,,0.2242059048,leaf 1 growth (mm/day),0.5766766722,4,0.2883383361,,,,,,1.305309735,,0.2064896755,4,0.1032448378,,,,,,,,,,,,,,,,,,,,,,,,,,,,,,
398,35,Low,Treatment,,,,,,,,,,,,,,,,,,,,,,,,,,,,,,,,,,,,,,,,,,,,,,,,,,,,,,,
399,35,ambient,Control,,,,,,,,,,,,,,,,,,,,,,,,,,,,,,,,,,,,,,,,,,,,,,,,,,,,,,,
400,35,high,Treatment,,,,,,,,,,,,,,,,,,,,,,,,,,,,,,,,,,,,,,,,,,,,,,,,,,,,,,,
401,36,low,Treatment,0.65,cm2/day,0.07071067812,2,,,,,,,,,,,,,,,,,,,,,,,,,,,,,,,,,,,,,,,,,,,,,,,5,Number leaves/shoot,0,2,
402,36,ambient,Control,0.9,cm2/day,0.1414213562,2,,,,,,,,,,,,,,,,,,,,,,,,,,,,,,,,,,,,,,,,,,,,,,,5,Number leaves/shoot,0,2,
403,36,high,Treatment,1.05,cm2/day,0.4949747468,2,,,,,,,,,,,,,,,,,,,,,,,,,,,,,,,,,,,,,,,,,,,,,,,4.5,Number leaves/shoot,0.7071067812,2,
404,36,low,Treatment,1.3,cm2/day,0.5656854249,2,,,,,,,,,,,,,,,,,,,,,,,,,,,,,,,,,,,,,,,,,,,,,,,6,Number leaves/shoot,0,2,
405,36,ambient,Control,1.45,cm2/day,0.4949747468,2,,,,,,,,,,,,,,,,,,,,,,,,,,,,,,,,,,,,,,,,,,,,,,,5,Number leaves/shoot,0,2,
406,36,high,Treatment,0.4,cm2/day,0,2,,,,,,,,,,,,,,,,,,,,,,,,,,,,,,,,,,,,,,,,,,,,,,,3,Number leaves/shoot,0,2,
407,36,low,Treatment,,,,,,,,,,,,,,,,,,,,,,,,,,,,,,,,,,,,,,,,,,,,,,,,,,,,,,,
408,36,ambient,Control,,,,,,,,,,,,,,,,,,,,,,,,,,,,,,,,,,,,,,,,,,,,,,,,,,,,,,,
409,36,high,Treatment,,,,,,,,,,,,,,,,,,,,,,,,,,,,,,,,,,,,,,,,,,,,,,,,,,,,,,,
410,37,extremly low,Treatment,,,,,,,,,,,,,,,,,,,,,,,,,,,,,,,,,,,,,,,,,,,,,,,,,,,,,,,
411,37,very low ,Treatment,,,,,,,,,,,,,,,,,,,,,,,,,,,,,,,,,,,,,,,,,,,,,,,,,,,,,,,
412,37,lower low,Treatment,,,,,,,,,,,,,,,,,,,,,,,,,,,,,,,,,,,,,,,,,,,,,,,,,,,,,,,
413,37,low,Treatment,,,,,,,,,,,,,,,,,,,,,,,,,,,,,,,,,,,,,,,,,,,,,,,,,,,,,,,
414,37,low upper,Treatment,,,,,,,,,,,,,,,,,,,,,,,,,,,,,,,,,,,,,,,,,,,,,,,,,,,,,,,
415,37,low medium,Treatment,,,,,,,,,,,,,,,,,,,,,,,,,,,,,,,,,,,,,,,,,,,,,,,,,,,,,,,
416,37,control,Control,,,,,,,,,,,,,,,,,,,,,,,,,,,,,,,,,,,,,,,,,,,,,,,,,,,,,,,
417,37,medium lower,Treatment,,,,,,,,,,,,,,,,,,,,,,,,,,,,,,,,,,,,,,,,,,,,,,,,,,,,,,,
418,37,medium,Treatment,,,,,,,,,,,,,,,,,,,,,,,,,,,,,,,,,,,,,,,,,,,,,,,,,,,,,,,
419,37,medium upper,Treatment,,,,,,,,,,,,,,,,,,,,,,,,,,,,,,,,,,,,,,,,,,,,,,,,,,,,,,,
420,37,high,Treatment,,,,,,,,,,,,,,,,,,,,,,,,,,,,,,,,,,,,,,,,,,,,,,,,,,,,,,,
421,37,very high,Treatment,,,,,,,,,,,,,,,,,,,,,,,,,,,,,,,,,,,,,,,,,,,,,,,,,,,,,,,
422,37,extremly high,Treatment,,,,,,,,,,,,,,,,,,,,,,,,,,,,,,,,,,,,,,,,,,,,,,,,,,,,,,,
423,38,low,Control,,,,,,,,,,,,,,,,,,,,,,,,,,,,,,,,,,,,,,,,,,,,,,,,,,,,,,,
424,38,intermediate ,Treatment,,,,,,,,,,,,,,,,,,,,,,,,,,,,,,,,,,,,,,,,,,,,,,,,,,,,,,,
425,38,high,Treatment,,,,,,,,,,,,,,,,,,,,,,,,,,,,,,,,,,,,,,,,,,,,,,,,,,,,,,,
426,38,low,Control,,,,,,,,,,,,,,,,,,,,,,,,,,,,,,,,,,,,,,,,,,,,,,,,,,,,,,,
427,38,intermediate ,Treatment,,,,,,,,,,,,,,,,,,,,,,,,,,,,,,,,,,,,,,,,,,,,,,,,,,,,,,,
428,38,high,Treatment,,,,,,,,,,,,,,,,,,,,,,,,,,,,,,,,,,,,,,,,,,,,,,,,,,,,,,,
429,38,low,Control,,,,,,,,,,,,,,,,,,,,,,,,,,,,,,,,,,,,,,,,,,,,,,,,,,,,,,,
430,38,intermediate ,Treatment,,,,,,,,,,,,,,,,,,,,,,,,,,,,,,,,,,,,,,,,,,,,,,,,,,,,,,,
431,38,high,Treatment,,,,,,,,,,,,,,,,,,,,,,,,,,,,,,,,,,,,,,,,,,,,,,,,,,,,,,,
432,38,low,Control,,,,,,,,,,,,,,,,,,,,,,,,,,,,,,,,,,,,,,,,,,,,,,,,,,,,,,,
433,38,intermediate ,Treatment,,,,,,,,,,,,,,,,,,,,,,,,,,,,,,,,,,,,,,,,,,,,,,,,,,,,,,,
434,38,high,Treatment,,,,,,,,,,,,,,,,,,,,,,,,,,,,,,,,,,,,,,,,,,,,,,,,,,,,,,,
435,39,lowest,Control,,,,,,,,,,,,,,,,,,,,,,,,,,,,,,,,,,,,,,,,,0.06755617795,New leaf/day shoot,0.01367880636,2,0.009672376734,Change in leaf number/num seagras shoots,,,,,,,,,
436,39,low,Treatment,,,,,,,,,,,,,,,,,,,,,,,,,,,,,,,,,,,,,,,,,0.1534918257,New leaf/day shoot,0.01432820424,2,0.01013157038,Change in leaf number/num seagras shoots,,,,,,,,,
437,39,intermediate ,Treatment,,,,,,,,,,,,,,,,,,,,,,,,,,,,,,,,,,,,,,,,,0.1056653423,New leaf/day shoot,0.01063354482,2,0.007519051651,Change in leaf number/num seagras shoots,,,,,,,,,
438,39,high,Treatment,,,,,,,,,,,,,,,,,,,,,,,,,,,,,,,,,,,,,,,,,0.1661851104,New leaf/day shoot,0.02827229653,2,0.0199915326,Change in leaf number/num seagras shoots,,,,,,,,,
439,39,very high,Treatment,,,,,,,,,,,,,,,,,,,,,,,,,,,,,,,,,,,,,,,,,0.03934605615,New leaf/day shoot,0.01599176816,2,0.01130788771,Change in leaf number/num seagras shoots,,,,,,,,,
440,39,lowest,Control,,,,,,,,,,,,,,,,,,,,,,,,,,,,,,,,,,,,,,,,,0.00778303627,New leaf/day shoot,0.002979786569,2,0.002107027289,Change in leaf number/num seagras shoots,,,,,,,,,
441,39,low,Treatment,,,,,,,,,,,,,,,,,,,,,,,,,,,,,,,,,,,,,,,,,0.03538678022,New leaf/day shoot,0.005948393348,2,0.004206149273,Change in leaf number/num seagras shoots,,,,,,,,,
442,39,intermediate ,Treatment,,,,,,,,,,,,,,,,,,,,,,,,,,,,,,,,,,,,,,,,,0.04057107923,New leaf/day shoot,0.006186895524,2,0.00437479578,Change in leaf number/num seagras shoots,,,,,,,,,
443,39,high,Treatment,,,,,,,,,,,,,,,,,,,,,,,,,,,,,,,,,,,,,,,,,0.04673879818,New leaf/day shoot,0.01330320422,2,0.009406785914,Change in leaf number/num seagras shoots,,,,,,,,,
444,39,very high,Treatment,,,,,,,,,,,,,,,,,,,,,,,,,,,,,,,,,,,,,,,,,0.0154069124,New leaf/day shoot,0.01307364587,2,0.009244463651,Change in leaf number/num seagras shoots,,,,,,,,,
445,40,low,Control,,,,,,,,,,,,,,,,,,,,,,,,,,,,,,,,,,,,,,,,,,,,,,,,,,,,,,,
446,40,intermediate ,Treatment,,,,,,,,,,,,,,,,,,,,,,,,,,,,,,,,,,,,,,,,,,,,,,,,,,,,,,,
447,40,high,Treatment,,,,,,,,,,,,,,,,,,,,,,,,,,,,,,,,,,,,,,,,,,,,,,,,,,,,,,,
448,40,low,Control,,,,,,,,,,,,,,,,,,,,,,,,,,,,,,,,,,,,,,,,,,,,,,,,,,,,,,,
449,40,intermediate ,Treatment,,,,,,,,,,,,,,,,,,,,,,,,,,,,,,,,,,,,,,,,,,,,,,,,,,,,,,,
450,40,high,Treatment,,,,,,,,,,,,,,,,,,,,,,,,,,,,,,,,,,,,,,,,,,,,,,,,,,,,,,,
451,40,low,Control,,,,,,,,,,,,,,,,,,,,,,,,,,,,,,,,,,,,,,,,,,,,,,,,,,,,,,,
452,40,intermediate ,Treatment,,,,,,,,,,,,,,,,,,,,,,,,,,,,,,,,,,,,,,,,,,,,,,,,,,,,,,,
453,40,high,Treatment,,,,,,,,,,,,,,,,,,,,,,,,,,,,,,,,,,,,,,,,,,,,,,,,,,,,,,,
454,40,low,Control,,,,,,,,,,,,,,,,,,,,,,,,,,,,,,,,,,,,,,,,,,,,,,,,,,,,,,,
455,40,intermediate ,Treatment,,,,,,,,,,,,,,,,,,,,,,,,,,,,,,,,,,,,,,,,,,,,,,,,,,,,,,,
456,40,high,Treatment,,,,,,,,,,,,,,,,,,,,,,,,,,,,,,,,,,,,,,,,,,,,,,,,,,,,,,,